{"cameraMode":{"drawMode":0,"name":"Shaded","section":"Shading Mode"},"sceneLighting":true,"audioPlay":false,"sceneViewState":{"showFog":true,"showMaterialUpdate":false,"showSkybox":true,"showFlares":true,"showImageEffects":true,"showParticleSystems":true},"in2DMode":false,"pivot":{"x":48.62099838256836,"y":2.2350001335144045,"z":50.0},"rotation":{"x":-0.020308516919612886,"y":-0.0068948655389249329,"z":0.0002278299944009632,"w":-0.9998427033424377},"size":4.004495620727539,"orthographic":false}