{"cameraMode":{"drawMode":0,"name":"Shaded","section":"Shading Mode"},"sceneLighting":false,"audioPlay":false,"sceneViewState":{"showFog":true,"showMaterialUpdate":false,"showSkybox":false,"showFlares":true,"showImageEffects":true,"showParticleSystems":true},"in2DMode":false,"pivot":{"x":44.21767044067383,"y":7.131129264831543,"z":76.88046264648438},"rotation":{"x":-0.17933502793312074,"y":0.0050133285112679008,"z":-0.0009173406288027763,"w":-0.9837947487831116},"size":9.949872970581055,"orthographic":false}